{
    "tasks": [
        {
            "type": "cppbuild",
            "label": "C/C++: g++.exe build active file",
            "command": "C:\\Program Files (x86)\\NAG\\EFBuilder 7.1\\nagfor\\lib\\NewMinGW64\\bin\\g++.exe",  // This must be a C++ compiler NOT gcc.exe. This is the path for the compiler on the cluster PCs.
            "args": [
                "-fdiagnostics-color=always",
                "-g",
                "${file}",
                "-o",
                "${fileDirname}\\${fileBasenameNoExtension}.exe",
                "-I.",  // This tells the compiler to search in the current directory for tha ASIO files
                "-lws2_32",   // This tells the linker to add the Winsock Windows library
                "-D_WIN32_WINNT=0x0601"
            ],
            "options": {
                "cwd": "${fileDirname}"
            },
            "problemMatcher": [
                "$gcc"
            ],
            "group": {
                "kind": "build",
                "isDefault": true
            },
            "detail": "Task generated by Debugger."
        }
    ],
    "version": "2.0.0"
}